Latitude,Longitude,City,Community,ProjectName,Q1Enrollments,Q2Enrollments,Q3Enrollments
34.01537602,-118.49816,Santa Monica,Santa Monica,Homeless Program HACLA Section 8,2,NULL,1
33.96431401,-118.277918,Los Angeles,Florence,Family Emergency Housing Program,1,6,2
34.093923,-118.331165,Los Angeles,Hollywood,CA0994 Housing Works Home First,17,20,1
34.05455399,-117.751251,Pomona,Pomona,CA0462 Shelter Plus Care,16,3,1
33.999395,-118.278531,Los Angeles,South Park,Broadway Apartments,NULL,3,1
33.97993901,-118.300441,Los Angeles,Harvard Park,CA0997 Epworth Apartments,NULL,NULL,NULL
34.07737402,-118.290689,Los Angeles,East Hollywood,La Kretz Villas,2,NULL,1
34.23186734,-118.4540925,Panorama City,Panorama City,CA0347 Willis Avenue Apartments,NULL,3,3
34.06396,-118.268351,Los Angeles,Westlake,Bonnie Brae Village,NULL,NULL,NULL
34.04783807,-118.2454958,Los Angeles,Downtown,LA Residence LAHSA - Supportive Services,NULL,1,NULL
34.03923598,-118.243991,Los Angeles,Downtown,CA0409 Lamp Lodge - Supportive Services,NULL,NULL,2
34.01278999,-118.27611,Los Angeles,Historic South-Central,CES Crisis Housing Program P2H,4,32,2
34.17084402,-118.375527,North Hollywood,North Hollywood,NoHo Senior Villas,NULL,NULL,NULL
34.10257199,-118.322214,Los Angeles,Hollywood,Villas at Gower,NULL,1,NULL
34.04694499,-118.248092,Los Angeles,Downtown,New Genesis Apartments,NULL,NULL,1
34.57924102,-118.124382,Palmdale,Palmdale,AVD FSC Rapid Re-Housing,179,53,2
34.15824501,-118.133439,Pasadena,Pasadena,USHS FSC Rapid Re-Housing,34,5,2
33.99796001,-118.477857,Venice,Venice,STJ FSC Rapid Re-housing,46,10,NULL
34.046006,-118.246125,Los Angeles,Downtown,Emergency Transitions Program,NULL,NULL,NULL
34.21335502,-118.388056,North Hollywood,Sun Valley,LFH FSC Rapid Re-Housing,136,69,10
34.01537602,-118.49816,Santa Monica,Santa Monica,CA0401 Permanent Supportive Housing,NULL,2,NULL
34.06798201,-118.27383,Los Angeles,Westlake,Housing for Health,2,NULL,1
34.06402999,-118.291446,Los Angeles,Koreatown,CA0324 Good Samaritan Bonus,5,3,1
34.26109934,-118.3999285,Los Angeles,Pacoima,CA0374 Osborne Place Apartments - Supportive Services,1,NULL,6
34.01723801,-118.257257,Los Angeles,Historic South-Central,28th Street Apartments,NULL,NULL,NULL
34.058711,-118.27519,Los Angeles,Westlake,Parkview on the Park Apartments,NULL,NULL,NULL
34.21335502,-118.388056,North Hollywood,Sun Valley,DHS Housing for Health,5,33,2
34.07748101,-118.289011,Los Angeles,East Hollywood,Housing for Health,NULL,16,10
34.04283824,-118.2434449,Los Angeles,Downtown,HAUS,10,3,NULL
34.04354499,-118.247583,Los Angeles,Downtown,Star Apartments,4,6,4
34.04384699,-118.244336,Los Angeles,Downtown,CA0996 Gateway Apartments,2,5,1
34.04449802,-118.244318,Los Angeles,Downtown,CA0430 Golden West Permanent Housing Program,2,5,2
34.03845802,-118.243914,Los Angeles,Downtown,Ford Apartments,5,3,3
34.07748101,-118.289011,Los Angeles,East Hollywood,HACLA Tenant Based Supportive Housing TBSH,NULL,NULL,NULL
33.95879462,-118.0849578,Santa Fe Springs,Santa Fe Springs,TWC FSC Crisis Housing,40,47,15
33.95879462,-118.0849578,Santa Fe Springs,Santa Fe Springs,TWC FSC Rapid Re-Housing,65,43,NULL
33.73503098,-118.291423,San Pedro,San Pedro,HIS FSC Rapid Re-Housing,24,5,NULL
34.040065,-118.320932,Los Angeles,Arlington Heights,PAT FSC Rapid Re-Housing,112,51,1
33.99550001,-118.438134,Culver City,Culver City,UBH FSC Crisis Housing SPA 5,2,21,7
34.04652401,-118.264109,Los Angeles,Downtown,DMH Interim Housing Zahn,4,5,NULL
33.96811101,-118.283025,Los Angeles,Vermont Knolls,CRCD Apartments,NULL,NULL,1
34.220701,-118.489005,Van Nuys,Van Nuys,CA1110 HACLA Shelter Plus Care Program,NULL,NULL,NULL
34.70143999,-118.13771,Lancaster,Lancaster,SSVF RRH,51,67,16
34.04664802,-118.208936,Los Angeles,Boyle Heights,SSVF RRH,145,88,63
34.09611399,-118.311945,Los Angeles,Hollywood,SSVF RRH,149,196,101
34.05011402,-118.257697,Los Angeles,Downtown,SSVF RRH,22,47,13
34.218184,-118.369551,Sun Valley,Sun Valley,Freehab,NULL,NULL,NULL
34.04664802,-118.208936,Los Angeles,Boyle Heights,VASH Program,23,2,NULL
34.23084101,-118.367805,Sun Valley,Sun Valley,DHS Palo Verde Apartments,2,NULL,1
34.04686699,-118.249017,Los Angeles,Downtown,PBV Rosslyn Apartments,NULL,4,8
34.27119206,-118.4171668,Pacoima,Pacoima,Winter Shelter Program Pacoima SPA 2,12,58,10
33.95736101,-118.277967,Los Angeles,Broadway-Manchester,CES Crisis Housing Program C4L,NULL,28,NULL
33.91222199,-118.264927,Los Angeles,Willowbrook,CA1104 Avalon Apartments,NULL,NULL,NULL
33.96003601,-118.415816,Los Angeles,Westchester/Playa,Measure H 205 Pathways to Independence A,NULL,2,NULL
34.03472502,-118.1616742,Los Angeles,East Los Angeles,Measure H 204 Pathways to Independence B,3,5,1
33.76961698,-118.192008,Long Beach,Long Beach,SSVF RRH LB,NULL,2,NULL
33.76627302,-118.1914,Long Beach,Long Beach,SSVF RRH 20CA017,76,150,54
34.04887199,-118.227871,Los Angeles,Boyle Heights,Womens Shelter Program,NULL,NULL,NULL
34.013654,-118.489091,Santa Monica,Santa Monica,DMH Interim Housing Samoshel,2,2,1
34.01278999,-118.27611,Los Angeles,Historic South-Central,Exodus Reserve Beds,2,6,NULL
34.04411899,-118.245439,Los Angeles,Downtown,Housing For Health Access Emergency,6,6,4
34.04283824,-118.2434449,Los Angeles,Downtown,CES Bridge Housing Program Reserved Village,1,NULL,NULL
34.01278999,-118.27611,Los Angeles,Historic South-Central,CES Bridge Housing Program Reserved,2,13,NULL
34.21256552,-118.3889442,Los Angeles,Sun Valley,CES Bridge Housing Program Path to Home Reserved,1,6,2
34.07748101,-118.289011,Los Angeles,East Hollywood,CES Bridge Housing Hollywood Reserved,2,NULL,NULL
34.07748101,-118.289011,Los Angeles,East Hollywood,CES Crisis Housing Program Los Angeles,1,NULL,NULL
33.98934409,-118.1639331,Bell,Bell,CES Bridge Housing Program Reserved,1,5,2
33.99045901,-118.309132,Los Angeles,Chesterfield Square,CES Crisis Housing Program CITY,8,20,1
34.1749543,-118.3172747,Burbank,Burbank,CES Transitional Housing Program Hope of the Valley SPA 2,5,7,NULL
33.92454021,-118.254409,Los Angeles,Green Meadows,CA0466 South Central Access Center - Supportive Services,1,NULL,1
34.15824501,-118.133439,Pasadena,Pasadena,USHS Housing For Health,22,4,2
33.95879462,-118.0849578,Santa Fe Springs,Santa Fe Springs,CA0465 Shelter Plus Care,NULL,NULL,NULL
34.03675498,-118.436977,Los Angeles,West Los Angeles,WLA Harm Reduction,NULL,NULL,NULL
34.02235102,-118.199398,Los Angeles,Boyle Heights,Beswick Guy Gabaldon,2,1,NULL
34.07303898,-118.029404,El Monte,El Monte,El Monte Veterans Village,2,1,1
34.05240741,-118.4584795,Los Angeles,Veterans Administration,Sepulveda 1 - PSH,NULL,1,2
34.01465299,-118.490351,Santa Monica,Santa Monica,DHS Step Up on Colorado,3,NULL,NULL
34.01537602,-118.49816,Santa Monica,Santa Monica,DHS Scattered Sites,18,18,12
34.01537602,-118.49816,Santa Monica,Santa Monica,DMH Step Up on Second Bonus,NULL,2,6
34.01537602,-118.49816,Santa Monica,Santa Monica,DHS Step Up on Second Bonus,NULL,NULL,2
34.06040699,-118.281667,Los Angeles,Westlake,DMH Gettlove Bonus,NULL,NULL,NULL
34.06040699,-118.281667,Los Angeles,Westlake,DHS Gettlove Bonus,NULL,NULL,NULL
34.06798201,-118.27383,Los Angeles,Westlake,DMH Homeless Healthcare LA Bonus,NULL,NULL,NULL
34.06798201,-118.27383,Los Angeles,Westlake,DHS Homeless Healthcare LA Bonus,NULL,NULL,NULL
33.98825201,-118.268678,Los Angeles,Florence,DMH SSG HOPICS Bonus,2,NULL,NULL
33.98825201,-118.268678,Los Angeles,Florence,DHS SSG HOPICS Bonus,NULL,NULL,NULL
33.99796001,-118.477857,Venice,Venice,DMH St Joseph Bonus,1,NULL,NULL
33.99796001,-118.477857,Venice,Venice,DHS St Joseph Bonus,NULL,NULL,NULL
34.04338498,-118.24419,Los Angeles,Downtown,DMH LAMP Bonus,NULL,NULL,NULL
34.04338498,-118.24419,Los Angeles,Downtown,DHS LAMP Bonus,NULL,NULL,NULL
33.76961698,-118.192008,Long Beach,Long Beach,DHS Mental Health America Bonus,NULL,NULL,NULL
33.76961698,-118.192008,Long Beach,Long Beach,DMH Mental Health America Bonus,NULL,NULL,NULL
34.04464399,-118.243403,Los Angeles,Downtown,DMH Downtown Womens Center Bonus,6,3,3
34.04464399,-118.243403,Los Angeles,Downtown,DHS Downtown Womens Center Bonus,NULL,1,2
34.21335502,-118.388056,North Hollywood,Sun Valley,DMH LA Family Housing Bonus,NULL,NULL,NULL
34.21335502,-118.388056,North Hollywood,Sun Valley,DHS LA Family Housing Bonus,NULL,NULL,NULL
34.04338498,-118.24419,Los Angeles,Downtown,DMH OPCC Bonus,NULL,NULL,3
34.04338498,-118.24419,Los Angeles,Downtown,DHS OPCC Bonus,NULL,NULL,NULL
33.99870102,-118.417385,Los Angeles,Del Rey,Villas Del Rey,NULL,1,1
33.883203,-118.291173,Los Angeles,Harbor Gateway North and South,Vermont Villas,3,3,NULL
34.05240741,-118.4584795,Los Angeles,Veterans Administration,Sepulveda 2 - VASH,NULL,NULL,NULL
34.05240741,-118.4584795,Los Angeles,Veterans Administration,HCHV 257 Bridge Welcome Center,16,17,NULL
34.07748101,-118.289011,Los Angeles,East Hollywood,CA1343 PATH Gateway Connections,1,NULL,2
34.05635799,-118.282481,Los Angeles,Westlake,The Six Apartments,1,1,NULL
34.06402999,-118.291446,Los Angeles,Koreatown,HACLA Tenant Based Supportive Housing TBSH 2012,NULL,NULL,NULL
34.04244902,-118.24485,Los Angeles,Downtown,Winter Shelter Program SPA 4,34,83,13
33.88860732,-118.228869,Compton,Compton,CA1335 South Los Angeles Rapid Re-Housing,13,8,18
33.73593698,-118.289973,San Pedro,San Pedro,CES RRH Individuals,3,3,NULL
33.95879462,-118.0849578,Santa Fe Springs,Santa Fe Springs,Everychild Family Housing,NULL,NULL,NULL
34.21335502,-118.388056,North Hollywood,Sun Valley,CES RRH Individuals,4,5,NULL
34.0436689,-118.2443345,Los Angeles,Downtown,CES RRH Individuals SPA 4,58,1,NULL
33.98825201,-118.268678,Los Angeles,Florence,CES RRH Individuals,15,11,NULL
33.99796001,-118.477857,Venice,Venice,CES RRH Individuals SPA 5,37,1,NULL
33.92454021,-118.254409,Los Angeles,Green Meadows,CES RRH Individuals WLCAC,5,2,NULL
33.98141401,-118.334619,Los Angeles,Hyde Park,CES RRH Individuals Sanctuary of Hope,3,2,NULL
33.92829162,-118.309209,Los Angeles,Athens-Westmont,CES RRH Individuals Shields for Families,8,NULL,NULL
34.04464399,-118.243403,Los Angeles,Downtown,CES RRH Individuals Downtown Women Center SPA 4,9,16,NULL
34.065046,-118.264708,Los Angeles,Westlake,CES RRH Individuals Good Shepherd SPA 4,13,1,NULL
34.212684,-118.387996,North Hollywood,Sun Valley,LFH FSC Crisis Housing SPA 2,120,290,66
34.0591085,-118.2501454,Los Angeles,Downtown,HJC LFH,NULL,NULL,NULL
34.15824501,-118.133439,Pasadena,Pasadena,HJC USF,NULL,NULL,NULL
34.0591085,-118.2501454,Los Angeles,Downtown,HJC LAM,NULL,NULL,NULL
33.99796001,-118.477857,Venice,Venice,HJC STJ,NULL,NULL,NULL
34.0591085,-118.2501454,Los Angeles,Downtown,HJC SSG,NULL,NULL,NULL
34.0591085,-118.2501454,Los Angeles,Downtown,HJC PAT,NULL,NULL,NULL
34.0591085,-118.2501454,Los Angeles,Downtown,HJC MLC,NULL,NULL,NULL
33.99146002,-118.443704,Marina Del Rey,Del Rey,Gateway Apartments,NULL,1,1
34.093226,-118.338414,Los Angeles,Hollywood,CES RRH Individuals LGBT SPA 4,12,NULL,NULL
34.09941499,-118.334468,Los Angeles,Hollywood,CES RRH Individuals Center Blessed Sacrament SPA 4,4,NULL,NULL
33.89594102,-118.197602,Compton,East Rancho Dominguez,DHS Interim Housing SOLAR,11,13,1
33.966852,-118.309166,Los Angeles,Manchester Square,CES RRH Individuals Home At Last,1,NULL,NULL
33.73633102,-118.291633,San Pedro,San Pedro,Rapid Re-Housing Families SPA 8,3,11,8
34.05240741,-118.4584795,Los Angeles,Veterans Administration,CES Crisis Housing Program,2,2,NULL
34.05240741,-118.4584795,Los Angeles,Veterans Administration,Burbank Bungalows,NULL,NULL,NULL
34.02415401,-118.181804,Los Angeles,East Los Angeles,First 5 Whittier Apartments,3,NULL,NULL
34.31015018,-118.4369476,Sylmar,Sylmar,Supportive Housing and Education Initiative Bromont,NULL,NULL,NULL
34.02415401,-118.181804,Los Angeles,East Los Angeles,Whittier Place Apartments,NULL,NULL,NULL
34.20086099,-118.585199,Winnetka,Winnetka,Winnetka Village,3,1,2
34.21335502,-118.388056,North Hollywood,Sun Valley,SPA 2 Welcome Home Project,NULL,NULL,NULL
33.94357802,-118.010861,Whittier,Whittier,CA1219 Shelter Plus Care,NULL,NULL,NULL
34.09715502,-118.120065,Alhambra,Alhambra,ILP SPA 3 Athena Homes,NULL,4,NULL
34.21256552,-118.3889442,Los Angeles,Sun Valley,DMH Interim Housing,6,14,2
33.98825201,-118.268678,Los Angeles,Florence,CA1339 SPA 6 CES HACLA,NULL,NULL,NULL
34.10267798,-118.332095,Los Angeles,Hollywood,Selby Hotel,3,1,NULL
34.06450398,-118.265015,Los Angeles,Westlake,Farley Family Transitional Housing,2,6,16
34.19280699,-118.378666,North Hollywood,North Hollywood,ILP SPA 2 Womens Care Cottage,2,4,NULL
34.07214899,-118.279691,Los Angeles,Westlake,ILP SPA 4 Bogen Family Center,3,7,2
34.03923598,-118.243991,Los Angeles,Downtown,CA0408 Lodge Supportive Housing Program,NULL,NULL,NULL
33.95177602,-118.248603,Los Angeles,Watts,CA0923 Watts Labor Community Action Center Mc Coy Plaza,NULL,NULL,NULL
34.044014,-118.246421,Los Angeles,Downtown,Sec 8 PBV Carlton Hotel,NULL,NULL,NULL
34.04421898,-118.244928,Los Angeles,Downtown,Sec 8 PBV James Wood Apartments,NULL,1,1
34.043805,-118.245643,Los Angeles,Downtown,Sec 8 PBV Renato Apartments,NULL,1,1
34.02229901,-118.275113,Los Angeles,Historic South-Central,GPD VA Clinical Treatment Hope Harbor,NULL,4,NULL
34.03574098,-118.267872,Los Angeles,Downtown,New Carver Apartments,3,5,4
33.94138401,-118.299705,Los Angeles,Athens-Westmont,CA1218 HACoLA Shelter Plus Care,NULL,2,NULL
34.06798201,-118.27383,Los Angeles,Westlake,CA1047 HACoLA Shelter Plus Care,NULL,NULL,NULL
34.70143999,-118.13771,Lancaster,Lancaster,CA0742 Mental Health America,1,8,NULL
34.01629396,-118.2717183,Los Angeles,Historic South-Central,36th Street Apartments,NULL,2,2
34.05261501,-118.222927,Los Angeles,Boyle Heights,CES Transitional Housing Program Casa Olivares Youth,NULL,1,NULL
33.92419624,-118.0640329,Norwalk,Norwalk,CA0345 Birch Grove Homes,NULL,1,5
33.83004698,-118.302286,Los Angeles,Harbor Gateway North and South,CA0386 Harbor Gateway Homes,NULL,NULL,NULL
34.102128,-118.319414,Los Angeles,Hollywood,The Way In Youth Transitional Housing,3,6,4
33.99458001,-118.466179,Venice,Venice,STJ FSC Westminster TLC Venice Community Housing Crisis Housing,5,16,4
33.73593698,-118.289973,San Pedro,San Pedro,CES RRH Youth,2,2,NULL
34.672399,-118.127542,Lancaster,Lancaster,CES RRH Individuals,23,7,NULL
34.672399,-118.127542,Lancaster,Lancaster,CES RRH Youth,5,NULL,NULL
34.095419,-118.309407,Los Angeles,Hollywood,CES RRH Youth,44,5,NULL
34.01278999,-118.27611,Los Angeles,Historic South-Central,CES RRH Individuals SPA 6,3,8,NULL
33.96475598,-118.308836,Los Angeles,Manchester Square,CES Crisis Housing Program NDC,NULL,1,NULL
34.07748101,-118.289011,Los Angeles,East Hollywood,CES RRH Individuals SPA 4,17,4,NULL
33.90859458,-118.0761439,Norwalk,Norwalk,CES RRH Youth SPA 7,NULL,NULL,NULL
33.95879462,-118.0849578,Santa Fe Springs,Santa Fe Springs,TWC Cities,2,NULL,NULL
34.03675498,-118.436977,Los Angeles,West Los Angeles,CES RRH Individuals SPA 5,NULL,NULL,NULL
33.97210901,-118.045552,Whittier,Whittier,CES RRH Individuals SPA 7,5,NULL,NULL
33.99796001,-118.477857,Venice,Venice,CES RRH Youth SPA 5,24,2,NULL
34.00358901,-118.309696,Los Angeles,Vermont Square,CES Crisis Housing Program,13,19,4
33.97210901,-118.045552,Whittier,Whittier,CES Bridge Housing Program,NULL,1,4
33.95327999,-118.373747,Inglewood,Inglewood,CES Crisis Housing Program,3,2,NULL
34.09115399,-118.337113,Los Angeles,Hollywood,CES Crisis Housing Program Youth,2,3,NULL
33.98934409,-118.1639331,Bell,Bell,CES Crisis Housing Program Bell,2,2,1
34.102128,-118.319414,Los Angeles,Hollywood,CES Crisis Housing Way In Youth,NULL,5,1
34.04224701,-118.24597,Los Angeles,Downtown,CES Crisis Housing Program,1,54,2
34.194434,-118.41396,Los Angeles,Valley Glen,CES RRH Youth,23,NULL,NULL
34.02607698,-118.47029,Santa Monica,Santa Monica,CES RRH Individuals SPA 5,9,NULL,NULL
34.083821,-117.752071,Pomona,Pomona,CES Crisis Housing Program SPA 3,NULL,NULL,1
34.04244902,-118.24485,Los Angeles,Downtown,CES Crisis Housing Program,2,6,1
33.99045901,-118.309132,Los Angeles,Chesterfield Square,CES Crisis Housing Program TCLC,7,25,3
34.00358901,-118.309696,Los Angeles,Vermont Square,Rapid Re-Housing SPA 6,5,8,5
34.09115399,-118.337113,Los Angeles,Hollywood,CES Rapid Re-Housing Youth,NULL,NULL,NULL
33.88697301,-118.206808,Compton,Compton,CoC Rapid Re-Housing Families,NULL,NULL,NULL
34.08796099,-118.02806,El Monte,El Monte,CoC Rapid ReHousing All,1,NULL,NULL
33.99796001,-118.477857,Venice,Venice,Rapid Re-Housing Youth Venice,3,NULL,NULL
33.99796001,-118.477857,Venice,Venice,Rapid Re-Housing Winter Shelter Part SPA 5,38,5,176
33.96093799,-118.278722,Los Angeles,Florence,CES RRH Individuals SPA 6,18,1,NULL
34.095419,-118.309407,Los Angeles,Hollywood,Supportive Apartments,NULL,NULL,1
33.90364101,-118.092557,Norwalk,Norwalk,CA0387 Harvest House,NULL,NULL,NULL
34.23160699,-118.465391,North Hills,North Hills,Rayen Transitional Housing,3,6,NULL
34.05131799,-118.26797,Los Angeles,Westlake,CA0917 Brandon Apartments,2,2,2
33.733495,-118.287751,Los Angeles,Venice,CA0347 California Hotel,1,NULL,3
34.02190502,-118.252006,Los Angeles,Central-Alameda,CA0523 Central Court Apartments,NULL,NULL,NULL
34.05660299,-118.297272,Los Angeles,Koreatown,CA0374 Fedora Apartments,NULL,1,NULL
33.95335002,-118.282484,Los Angeles,Vermont Vista,CA0347 Figueroa Apartments - Supportive Services,1,2,NULL
34.05643401,-118.300126,Los Angeles,Koreatown,CA0383 Fox Normandie Apartments - Supportive Services,3,NULL,NULL
34.091954,-118.322127,Los Angeles,Hollywood,CA0383 Gower Street Apartments - Supportive Services,NULL,2,NULL
34.044834,-118.211952,Los Angeles,Boyle Heights,CA0383 Las Palomas Apartments,1,3,1
34.01625,-118.309081,Los Angeles,Exposition Park,Santos Plaza,NULL,NULL,1
34.06931201,-118.27886,Los Angeles,Westlake,CA0523 Vista Nueva Apartments - Supportive Services,NULL,4,3
33.91762004,-118.2389509,Compton,Willowbrook,CA0915 Willow Apartments,2,NULL,NULL
34.23524901,-118.471043,North Hills,North Hills,CA0916 Woodland Terrace,5,5,4
34.014928,-118.309066,Los Angeles,Exposition Park,CA0331 39 West Apartments,2,1,NULL
34.06231798,-118.306952,Los Angeles,Koreatown,Cornerstone Apartments,NULL,1,NULL
34.020823,-118.186451,Los Angeles,East Los Angeles,CA1157 Las Flores - 2,NULL,NULL,NULL
34.06231798,-118.306952,Los Angeles,Koreatown,La Primavera,1,NULL,1
34.06882402,-118.202683,Los Angeles,Lincoln Heights,Amistad Apartments,NULL,1,NULL
34.05621298,-118.262269,Los Angeles,Westlake,Maryland Apartments,NULL,NULL,1
33.93975901,-118.025506,Whittier,South Whittier,Measure H 187 Pathways to Independence,5,4,5
34.089401,-117.912286,Covina,Covina,McGill Transitional House,NULL,3,NULL
34.20070601,-118.587201,Winnetka,Winnetka,Carriage House,NULL,NULL,NULL
34.03916302,-118.280012,Los Angeles,San Pedro,CES Crisis Housing Program,6,23,1
34.06507198,-118.264443,Los Angeles,Westlake,CES Crisis Housing Program Hawkes,NULL,NULL,NULL
34.21256552,-118.3889442,Los Angeles,Sun Valley,CES Crisis Housing Program Path to Home,NULL,NULL,1
34.04568642,-118.2231283,Los Angeles,Boyle Heights,CES Crisis Housing Program Guadalupe,1,8,2
34.10238901,-118.315035,Los Angeles,Hollywood,CES Crisis Housing Program Hollywood Youth,NULL,NULL,NULL
34.04244902,-118.24485,Los Angeles,Downtown,CES Crisis Housing Program Open Door,11,27,2
33.99550001,-118.438134,Culver City,Culver City,LA County Emergency Shelter,4,11,3
34.04176799,-118.247998,Los Angeles,Downtown,CA1050 Lyndon Apartments,1,7,NULL
34.044631,-118.245523,Los Angeles,Downtown,CA0473 Scattered Sites,8,6,3
33.951723,-118.247761,Los Angeles,Watts,Family Restoration Project at McCoy Plaza,NULL,NULL,NULL
33.94006001,-118.139408,Downey,Downey,Angel Step Too,7,3,5
34.09032161,-117.735724,Pomona,Pomona,CA0435 S. Mark Taper Permanent Housing - Supportive Services,2,NULL,5
33.98934409,-118.1639331,Bell,Bell,Bell Shelter Transitional Housing,NULL,11,2
34.10326702,-118.314435,Los Angeles,Hollywood,CES Crisis Housing Program Taft Youth,2,17,NULL
34.08406601,-118.274574,Los Angeles,Silver Lake,CA1220 Vendome Apartments,2,NULL,1
34.27904001,-118.40401,Pacoima,Pacoima,CA0392 Shelter Plus Care SRA,NULL,NULL,NULL
34.04626299,-118.248705,Los Angeles,Downtown,Sec 8 Mod Rehab Leonide Hotel,1,NULL,NULL
33.733538,-118.28124,Los Angeles,San Pedro,CA0921 Tripp House,NULL,NULL,NULL
34.04014102,-118.301042,Los Angeles,Harvard Heights,CA0420 HACLA Crossroads Village,NULL,NULL,2
34.03923598,-118.243991,Los Angeles,Downtown,CA0407 Lodge Shelter Plus Care,NULL,NULL,NULL
34.00062299,-118.468744,Venice,Venice,Shelter Plus Care Scattered Sites,2,2,2
34.00062299,-118.468744,Venice,Venice,Horizon Apartments,NULL,2,NULL
34.27904001,-118.40401,Pacoima,Pacoima,CA0391 Shelter Plus Care PRA,NULL,2,NULL
34.05324202,-118.260864,Los Angeles,Westlake,CA0798 SSG APCTC TRA Scattered Sites,NULL,NULL,NULL
34.04439299,-118.244012,Los Angeles,Downtown,CA1049 Brownstone Hotel,NULL,2,1
34.04104999,-118.242357,Los Angeles,Downtown,CA0799 Eugene Hotel,2,NULL,1
34.03898499,-118.24407,Los Angeles,Downtown,Sec 8 Mod Rehab New Terminal Hotel,NULL,NULL,1
34.04390701,-118.246521,Los Angeles,Downtown,Sec 8 Mod Rehab Palmer House,NULL,NULL,1
34.03825899,-118.243618,Los Angeles,Downtown,Sec 8 Mod Rehab Prentice Hotel,NULL,1,NULL
34.03686001,-118.241538,Los Angeles,Downtown,Sec 8 Mod Rehab Rivers Hotel General,NULL,1,1
34.04431399,-118.244641,Los Angeles,Downtown,Sec 8 PBV Southern Hotel,NULL,NULL,1
34.04115598,-118.247148,Los Angeles,Downtown,Sec 8 Mod Rehab Yankee Hotel,NULL,2,NULL
34.13111199,-118.030857,Arcadia,Arcadia,CA0792 HACoLA SPC Scattered Sites,2,1,NULL
34.03653399,-118.240569,Los Angeles,Downtown,St Marks Hotel,2,1,8
34.04388002,-118.245282,Los Angeles,Downtown,CA0464 Scattered Sites Apartments 275,2,4,1
34.041476,-118.246387,Los Angeles,Downtown,CA0797 Scattered Sites Apartments 224,3,NULL,2
34.04357999,-118.252189,Los Angeles,Downtown,Dewey Hotel,NULL,NULL,1
34.04908401,-118.245456,Los Angeles,Downtown,CA1216 St. George Hotel 69,3,4,1
34.042891,-118.241456,Los Angeles,Downtown,Edward Hotel,NULL,NULL,NULL
34.04179598,-118.246029,Los Angeles,Downtown,CA1051 Abbey Apartments 45,3,1,2
34.03981702,-118.240976,Los Angeles,Downtown,Sec 8 Mod Rehab Rossmore 27,NULL,NULL,NULL
34.04043799,-118.241041,Los Angeles,Downtown,CA0413 Lincoln Hotel,NULL,1,1
34.03702999,-118.240698,Los Angeles,Downtown,Produce Apartments,1,1,2
34.04458502,-118.241251,Los Angeles,Downtown,Hart Hotel,NULL,NULL,2
34.13111199,-118.030857,Arcadia,Arcadia,CA0438 HACLA SPC Scattered Sites,NULL,NULL,NULL
34.04908401,-118.245456,Los Angeles,Downtown,CA1224 St. George Hotel 15,1,2,NULL
34.04356901,-118.244539,Los Angeles,Downtown,CA1217 Abbey Cobb 118,3,4,5
34.027388,-118.493774,Santa Monica,Santa Monica,CA0518 Family Place Transitional SHP,3,26,10
34.041476,-118.246387,Los Angeles,Downtown,Rainbow 87,4,3,1
34.040065,-118.320684,Los Angeles,Arlington Heights,Gramercy Court,NULL,NULL,NULL
34.095419,-118.309407,Los Angeles,Hollywood,ROP SHPCDBG,3,4,5
34.095419,-118.309407,Los Angeles,Hollywood,CES Crisis Housing Program Youth,17,24,4
34.04283824,-118.2434449,Los Angeles,Downtown,CES Crisis Housing Program LAMP Village,6,NULL,1
34.70143999,-118.13771,Lancaster,Lancaster,CA0340 Antelope Valley Assistance Program,NULL,NULL,NULL
34.04965201,-118.239562,Los Angeles,Downtown,CA0373 Far East Building,NULL,NULL,NULL
34.07147663,-118.2790218,Los Angeles,Westlake,St. Anne's Transitional Housing,8,8,5
34.19431699,-118.447104,Van Nuys,Van Nuys,CA1048 Vanowen Apartments,2,2,1
34.23217302,-118.465746,North Hills,North Hills,Columbus Project,3,11,6
34.23205601,-118.465105,North Hills,North Hills,CA0433 Penny Lane Permanent Housing Program,NULL,NULL,NULL
33.95327999,-118.373747,Inglewood,Inglewood,CA0526 Westside Residence and Employment Center,9,21,NULL
33.95327999,-118.373747,Inglewood,Inglewood,CA0520 Veterans In Progress,10,14,11
33.98825201,-118.268678,Los Angeles,Florence,HACLA Section 8 Homeless Program,4,NULL,2
34.21335502,-118.388056,North Hollywood,Sun Valley,HACLA Section8 Homeless Program,71,32,26
34.05040902,-118.2117,Los Angeles,Boyle Heights,HACLA Section 8 Homeless Program,NULL,7,NULL
34.07748101,-118.289011,Los Angeles,East Hollywood,HACLA Section 8 Homeless Program,NULL,NULL,NULL
34.220701,-118.489005,Van Nuys,Van Nuys,HACLA Section 8 Homeless Program,NULL,NULL,NULL
34.04254901,-118.243765,Los Angeles,Downtown,CES Crisis Housing Program San Julian,2,10,1
34.066679,-118.263403,Los Angeles,Westlake,CES Crisis Housing Program Languille,8,14,1
34.05261501,-118.222927,Los Angeles,Boyle Heights,CES Crisis Housing Program La Posada Youth,NULL,2,1
33.73503098,-118.291423,San Pedro,San Pedro,HIS FSC Crisis Housing,56,79,71
34.672399,-118.127542,Lancaster,Lancaster,Family Reunification Rapid Re-Housing SPA 1 AVD,NULL,7,9
34.15703236,-118.3276277,Burbank,Burbank,Family Reunification Rapid Re-Housing SPA 2 VOA,2,5,2
34.08796099,-118.02806,El Monte,El Monte,Family Reunification Rapid Re-Housing SPA 3 VOA,4,10,16
33.99812799,-118.264824,Los Angeles,South Park,Family Reunification Rapid Re-Housing SPA 4 VOA,NULL,NULL,NULL
33.99796001,-118.477857,Venice,Venice,Family Reunification Rapid Re-Housing SPA 5 STJ,NULL,NULL,8
33.98825201,-118.268678,Los Angeles,Florence,Family Reunification Rapid Re-Housing SPA 6 SSG,NULL,NULL,NULL
33.95879462,-118.0849578,Santa Fe Springs,Santa Fe Springs,Family Reunification Rapid Re-Housing SPA 7 TWC,9,26,1
33.73503098,-118.291423,San Pedro,San Pedro,Family Reunification Rapid Re-Housing SPA 8 HIS,5,7,18
33.92353389,-118.2259657,Lynwood,Lynwood,HACOLA Shelter Plus Care,17,5,NULL
33.99536401,-118.282473,Los Angeles,Vermont-Slauson,Figueroa Apartments,NULL,NULL,NULL
33.98825201,-118.268678,Los Angeles,Florence,SSG FSC Rapid Re-Housing,200,47,4
33.92248898,-118.035142,Whittier,South Whittier,ILP SPA 7 Pathways to Independence,NULL,2,1
33.98934409,-118.1639331,Bell,Bell,Bell Shelter Year Round Crisis Housing Program,17,40,1
33.94173199,-118.268532,Los Angeles,Broadway-Manchester,UBH FSC Crisis Housing SPA 6,2,18,16
34.06015902,-118.291832,Los Angeles,Koreatown,CA0365 DMH 1,3,1,2
34.06402999,-118.291446,Los Angeles,Koreatown,CA1046 DMH 8,9,12,14
34.06402999,-118.291446,Los Angeles,Koreatown,CA0862 DMH TRA,2,5,6
34.06402999,-118.291446,Los Angeles,Koreatown,CA0405 Scattered Sites,NULL,7,16
34.06402999,-118.291446,Los Angeles,Koreatown,CA1158 DMH 9,NULL,NULL,NULL
33.99045901,-118.309132,Los Angeles,Chesterfield Square,CES Crisis Housing Program CBH,5,15,3
34.02486999,-118.482558,Santa Monica,Santa Monica,CES Crisis Housing Program CITY SPA 5,1,5,2
34.04244902,-118.24485,Los Angeles,Downtown,DPSS GR Crisis Housing SPA 4,NULL,NULL,NULL
34.08726399,-118.213541,Los Angeles,Cypress Park,VASH Marmion Way,1,NULL,NULL
34.04244902,-118.24485,Los Angeles,Downtown,AB109 Transitional Housing,NULL,NULL,NULL
34.06402999,-118.291446,Los Angeles,Koreatown,CA1342 DMH MIT 11,4,NULL,1
34.06402999,-118.291446,Los Angeles,Koreatown,CA1337 DMH MIT,2,6,NULL
34.06402999,-118.291446,Los Angeles,Koreatown,CA1105 DMH,NULL,NULL,NULL
34.13992699,-117.966933,Duarte,Duarte,USHS SPA 3 Scattered Site PSH LACDA 2,8,15,1
34.13992699,-117.966933,Duarte,Duarte,USHS SPA 3 Scattered Site PSH LACDA 1,2,3,2
34.02665701,-118.291824,Los Angeles,Adams-Normandie,ILP SPA 6,2,1,1
34.04384699,-118.244336,Los Angeles,Downtown,Sec 8 PBV Gateway Apartments,1,NULL,2
34.05455399,-117.751251,Pomona,Pomona,CA1507 Pomona Operation Porchlight Rapid Re-Housing,20,19,5
34.16030599,-118.140798,Pasadena,Pasadena,Transitional Living Center (A),NULL,1,2
34.16030599,-118.140798,Pasadena,Pasadena,Transitional Living Center (B),NULL,2,3
34.16030599,-118.140798,Pasadena,Pasadena,Transitional Living Center (D),NULL,3,1
34.16030599,-118.140798,Pasadena,Pasadena,Transitional Living Center (E),1,4,6
34.16030599,-118.140798,Pasadena,Pasadena,Transitional Living Center (C),NULL,2,2
33.919242,-118.100443,Norwalk,Norwalk,ILP 2017ILP28,1,2,1
33.91419469,-118.337459,Hawthorne,Hawthorne,ILP SPA 8 2017ILP30,1,NULL,2
34.128942,-118.075806,San Gabriel,North San Gabriel,ILP SPA 3 2017ILP25,5,3,2
34.16030599,-118.140798,Pasadena,Pasadena,CES RRH Youth SPA 3,2,NULL,NULL
33.98825201,-118.268678,Los Angeles,Florence,CA1503 SPA 6 CES SSG,NULL,NULL,NULL
33.99796001,-118.477857,Venice,Venice,CA1504 HACOLA Permanent Supportive Housing,NULL,NULL,NULL
34.090465,-118.370665,West Hollywood,West Hollywood,CA0860 City of West Hollywood,2,1,NULL
34.03981702,-118.240976,Los Angeles,Downtown,Sec 8 Mod Rehab Rossmore 31,2,2,2
33.99796001,-118.477857,Venice,Venice,DHS Sponsored FHSP TBV,1,NULL,NULL
33.99796001,-118.477857,Venice,Venice,DHS Sponsored HACLA Sec8 NCH TBV,1,NULL,NULL
34.21335502,-118.388056,North Hollywood,Sun Valley,CA1492 Welcome Home 90 SPA 2,3,4,6
34.04411899,-118.245439,Los Angeles,Downtown,DMH Interim Housing Program,2,19,3
34.05324202,-118.260864,Los Angeles,Westlake,CA0914 Asian Pacific Counseling and Treatment Center,NULL,NULL,NULL
34.05324202,-118.260864,Los Angeles,Westlake,CA0328 SSG APCTC TRA Scattered Sites,NULL,NULL,NULL
34.18274699,-118.308033,Burbank,Burbank,CA1499 HELP Equal Access to Supportive Living,NULL,NULL,NULL
33.73593698,-118.289973,San Pedro,San Pedro,CA1491 HIS CoC SPA 8,3,1,2
34.05455399,-117.751251,Pomona,Pomona,Pomona Rapid Re-Housing Program (New),NULL,NULL,NULL
34.102128,-118.319414,Los Angeles,Hollywood,CES Bridge Housing Program Way In Youth,NULL,4,1
34.05240741,-118.4584795,Los Angeles,Veterans Administration,CES Bridge Housing Program,2,2,NULL
34.09115399,-118.337113,Los Angeles,Hollywood,CES Bridge Housing Program Youth,3,NULL,NULL
34.05155499,-118.448072,Los Angeles,Veterans Administration,VA Transitional Housing Westwood,NULL,NULL,NULL
34.04244902,-118.24485,Los Angeles,Downtown,CES Bridge Housing Program Open Door,3,19,3
34.02486999,-118.482558,Santa Monica,Santa Monica,CES Bridge Housing Program SPA 5,4,4,1
33.95327999,-118.373747,Inglewood,Inglewood,CES Bridge Housing Program,5,4,1
34.04224701,-118.24597,Los Angeles,Downtown,CES Bridge Housing Program,5,6,6
34.00358901,-118.309696,Los Angeles,Vermont Square,CES Bridge Housing Program,19,25,NULL
34.06507198,-118.264443,Los Angeles,Westlake,CES Bridge Housing Program Hawkes,NULL,7,1
34.066679,-118.263403,Los Angeles,Westlake,CES Bridge Housing Program Languille,2,7,NULL
34.095419,-118.309407,Los Angeles,Hollywood,CES Bridge Housing Program Youth,2,13,2
34.05261501,-118.222927,Los Angeles,Boyle Heights,CES Bridge Housing Program La Posada Youth,NULL,2,NULL
34.07748101,-118.289011,Los Angeles,East Hollywood,CES Bridge Housing Program Los Angeles,2,4,NULL
34.04411899,-118.245439,Los Angeles,Downtown,CES Bridge Housing Program,NULL,4,NULL
33.98934409,-118.1639331,Bell,Bell,CES Bridge Housing Program Bell,1,12,3
34.04244902,-118.24485,Los Angeles,Downtown,CES Bridge Housing Program,NULL,1,NULL
34.17947,-118.539769,Tarzana,Tarzana,LFH FSC Rapid Re-Housing Tarzana,NULL,NULL,NULL
34.37202801,-118.515535,Newhall,Santa Clarita,LFH FSC Rapid Re-Housing Bridge to Home,23,5,2
34.04283824,-118.2434449,Los Angeles,Downtown,CES Bridge Housing Program LAMP Village,1,NULL,NULL
34.21256552,-118.3889442,Los Angeles,Sun Valley,CES Bridge Housing Program,1,13,1
34.09778001,-118.346153,Los Angeles,Hollywood,CA1112 Michael's Village,1,NULL,NULL
34.04254901,-118.243765,Los Angeles,Downtown,CES Bridge Housing Program San Julian,4,8,1
33.99045901,-118.309132,Los Angeles,Chesterfield Square,CES Bridge Housing Program CBH,1,1,3
34.21256552,-118.3889442,Los Angeles,Sun Valley,CES Bridge Housing Program Path to Home,NULL,2,1
34.083821,-117.752071,Pomona,Pomona,CES Bridge Housing Program SPA 3,NULL,NULL,NULL
33.98934409,-118.1639331,Bell,Bell,GPD VA Service Intensive Transitional Housing,NULL,5,2
33.98934409,-118.1639331,Bell,Bell,GPD VA Low Demand Safe Haven,NULL,6,2
33.98934409,-118.1639331,Bell,Bell,GPD VA Bridge Housing Program,NULL,2,NULL
34.70143999,-118.13771,Lancaster,Lancaster,CA1345 Pathways to Permanent Housing,NULL,NULL,NULL
33.98934409,-118.1639331,Bell,Bell,GPD VA Clinical Treatment,3,10,6
33.99045901,-118.309132,Los Angeles,Chesterfield Square,CES Bridge Housing Program TCLC,2,3,1
33.96470888,-118.3089408,Los Angeles,Manchester Square,CES Bridge Housing Program NDC,NULL,NULL,NULL
34.21335091,-118.3888006,Los Angeles,Sun Valley,The Fiesta PSH,NULL,NULL,NULL
34.04465602,-118.244768,Los Angeles,Downtown,Sec 8 PBV Panama Hotel,NULL,5,2
34.04395801,-118.245543,Los Angeles,Downtown,VA Service Intensive Transitional Housing,1,11,1
34.07214899,-118.279691,Los Angeles,Westlake,CES Transitional Housing Program SPA 4,3,5,NULL
34.07214899,-118.279691,Los Angeles,Westlake,RHY Transitional Living Program,3,3,4
34.04965201,-118.239562,Los Angeles,Downtown,Sec 8 Far East Building,NULL,NULL,NULL
34.7029621,-118.2366182,Lancaster,Lancaster,Winter Shelter Program High Desert MACC,NULL,NULL,NULL
34.07937101,-118.284263,Los Angeles,Silver Lake,CA0523 Project Independence Gateways - Supportive Services,1,1,NULL
34.08796099,-118.02806,El Monte,El Monte,CES RRH Individuals SPA 3,52,NULL,NULL
33.98662206,-118.2966124,Los Angeles,Vermont-Slauson,CES Crisis Housing Program Ms. Hazel House,14,55,3
33.95327999,-118.373747,Inglewood,Inglewood,VA Bridge Housing Program,NULL,NULL,NULL
33.95327999,-118.373747,Inglewood,Inglewood,VA Low Demand Safe Haven,NULL,NULL,NULL
34.05374191,-118.3839686,Los Angeles,South Robertson,CA1594 Permanent Supportive Housing,NULL,1,2
33.99812799,-118.264824,Los Angeles,South Park,CES Crisis Housing Program Youth,7,52,NULL
33.995506,-118.291754,Los Angeles,Vermont Square,CES Bridge Housing Program Youth,NULL,3,NULL
34.02607698,-118.47029,Santa Monica,Santa Monica,CA0527 Westside Safe Haven - Residential Program,NULL,1,NULL
33.92353389,-118.2259657,Lynwood,Lynwood,DMH SCHARP Bonus,NULL,NULL,NULL
34.023492,-118.398015,Culver City,Palms,DMH Exodus Recovery Bonus,NULL,NULL,NULL
33.92353389,-118.2259657,Lynwood,Lynwood,DHS SCHARP Bonus,NULL,NULL,NULL
34.15824501,-118.133439,Pasadena,Pasadena,DMH Union Station Bonus,NULL,NULL,NULL
34.15824501,-118.133439,Pasadena,Pasadena,DHS Union Station Bonus,NULL,NULL,NULL
34.07748101,-118.289011,Los Angeles,East Hollywood,DHS PATH Bonus,NULL,NULL,NULL
34.01055701,-118.323887,Los Angeles,Leimert Park,DMH The Good Seed Bonus,2,2,1
34.093923,-118.331165,Los Angeles,Hollywood,DMH Housing Works Bonus,NULL,NULL,NULL
33.95736101,-118.277967,Los Angeles,Broadway-Manchester,CES Bridge Housing Program C4L,NULL,21,1
34.01278999,-118.27611,Los Angeles,Historic South-Central,CES Bridge Housing Program P2H,1,17,NULL
33.912304,-118.353121,Hawthorne,Hawthorne,CES Transitional Housing Hope Connections SPA 8,2,4,2
34.1749543,-118.3172747,Burbank,Burbank,CES Bridge Housing Program Hope of the Valley,6,18,1
34.04403735,-118.3177991,Los Angeles,Arlington Heights,PBV Arlington Square,2,3,1
34.212684,-118.387996,North Hollywood,Sun Valley,DMH Family Interim Housing,NULL,21,NULL
33.89902699,-118.112626,Bellflower,Bellflower,Eva's House Transitional Housing SPA 7,NULL,6,2
34.57924102,-118.124382,Palmdale,Palmdale,CDC Bringing Families Home,64,2,4
34.20510999,-118.378004,Sunland,Sun Valley,CDC Bringing Families Home SPA 2,34,1,NULL
34.08796099,-118.02806,El Monte,El Monte,CDC Bringing Families Home SPA 3,41,1,NULL
34.040065,-118.320932,Los Angeles,Arlington Heights,CDC Bringing Families Home SPA 4,43,3,96
33.99796001,-118.477857,Venice,Venice,CDC Bringing Families Home,9,NULL,NULL
33.73503098,-118.291423,San Pedro,San Pedro,CDC Bringing Families Home,37,19,8
33.99812799,-118.264824,Los Angeles,South Park,CDC Bringing Families Home SPA 6,55,NULL,NULL
34.05261501,-118.222927,Los Angeles,Boyle Heights,CES RRH Youth SPA 4,1,NULL,2
34.005881,-118.268899,Los Angeles,South Park,Restoration Re-Entry Residence Men,9,10,4
34.00571136,-118.2702072,Los Angeles,South Park,Restoration Re-Entry Residence Women,12,35,13
34.003452,-118.30389,Los Angeles,Vermont Square,Vernon House,NULL,NULL,NULL
34.00550599,-118.262952,Los Angeles,South Park,Overnight Accommodation,NULL,NULL,NULL
33.90214501,-118.239505,Compton,Compton,Maple House,NULL,NULL,NULL
34.11491401,-118.321782,Los Angeles,Hollywood Hills,CES Measure H Transitional Housing Youth Program,1,7,1
34.70143999,-118.13771,Lancaster,Lancaster,CA1501 Pathways II,NULL,NULL,NULL
34.02451886,-118.1403679,Los Angeles,Westlake,PBV Beverly Terrace,NULL,1,3
33.97914398,-118.334997,Los Angeles,Hyde Park,Silver Star Apartments,NULL,NULL,NULL
33.91658401,-118.283995,Los Angeles,Harbor Gateway North and South,PBV El Segundo Apartments,NULL,NULL,NULL
33.91754273,-118.2839817,Los Angeles,Harbor Gateway North and South,PBV 127th Street Apartments,NULL,NULL,NULL
33.91754273,-118.2839817,Los Angeles,Harbor Gateway North and South,DHS 127th Street Apartments,NULL,NULL,NULL
34.06146898,-118.259859,Los Angeles,Westlake,PBV Mosaic Gardens at Westlake,NULL,NULL,NULL
33.98163999,-118.294175,Compton,Vermont-Slauson,CES Transitional Housing Program SPA 6,NULL,4,2
34.04686699,-118.249017,Los Angeles,Downtown,VASH Rosslyn Apartments,1,1,1
33.983001,-118.294126,Los Angeles,Vermont-Slauson,CES Transitional Housing SPA 5,2,3,4
34.68903893,-118.1539324,Lancaster,Lancaster,CES Transitional Housing SPA 1,1,2,NULL
34.02229901,-118.275113,Los Angeles,Historic South-Central,GPD VA Bridge Housing Program Hope Harbor,NULL,NULL,NULL
34.02229901,-118.275113,Los Angeles,Historic South-Central,DMH Interim Housing Hope Harbor,17,30,NULL
34.102128,-118.319414,Los Angeles,Hollywood,Enhanced Emergency Shelter Program The Way In,4,23,NULL
34.16030599,-118.140798,Pasadena,Pasadena,Measure H Transitional Housing Program SPA 3,NULL,NULL,NULL
34.033004,-118.328638,Los Angeles,Jefferson Park,Measure H Transitional Housing Program SPA 6,NULL,NULL,NULL
34.01513499,-118.294575,Los Angeles,Exposition Park,CES Bridge Housing Program,2,4,2
33.73633102,-118.291633,San Pedro,San Pedro,CES Transitional Housing SPA 8,NULL,NULL,NULL
34.09115399,-118.337113,Los Angeles,Hollywood,CES Transitional Housing Program SPA 4,7,NULL,2
33.99808499,-118.27687,Los Angeles,South Park,DMH Interim Housing,NULL,NULL,NULL
33.79227402,-118.222421,Long Beach,Long Beach,CES Bridge Housing Program for Women,2,1,NULL
33.93853601,-118.037829,Whittier,South Whittier,CES Bridge Housing for Women,2,22,2
34.01909301,-118.18741,Los Angeles,East Los Angeles,CES RRH Individuals SPA 7 Helpline Youth,3,1,NULL
33.97210901,-118.045552,Whittier,Whittier,CES RRH Individuals SPA 7 Whittier FirstDay,1,NULL,NULL
34.07753298,-118.288109,Los Angeles,East Hollywood,PATH Metro Villas - Phase 1,3,NULL,NULL
34.06040699,-118.281667,Los Angeles,Westlake,CA1341 DMH Directly-Operated Bonus,NULL,NULL,NULL
33.96067601,-118.323658,Inglewood,Inglewood,Emergency Shelter,NULL,NULL,NULL
34.05491613,-118.2378365,Los Angeles,Downtown,A Bridge Home El Puente,3,12,5
34.04874999,-118.27767,Los Angeles,Pico-Union,Casa Carmen,NULL,NULL,NULL
34.04042898,-118.346898,Los Angeles,Mid-City,DHS Interim Housing Mid City 1 - Women,3,17,NULL
34.03999702,-118.347033,Los Angeles,Mid-City,DHS Interim Housing Mid City 2 - Men,5,19,5
34.05933,-118.282043,Los Angeles,Westlake,DHS Interim Housing Coronado,14,43,17
34.00358901,-118.309696,Los Angeles,Vermont Square,DHS Interim Housing Vernon,12,8,3
34.04224701,-118.24597,Los Angeles,Downtown,Healthy Living Program,3,NULL,2
34.04224701,-118.24597,Los Angeles,Downtown,Homelight Family Living,NULL,7,8
34.06402999,-118.291446,Los Angeles,Koreatown,CA1596 DMH 12,5,4,1
33.91222199,-118.264927,Los Angeles,Willowbrook,PBV Avalon Apartments,NULL,NULL,1
34.05798107,-118.0258984,El Monte,El Monte,Casitas Esperanza,NULL,NULL,NULL
34.05798107,-118.0258984,El Monte,El Monte,Casitas Tranquilas,NULL,NULL,NULL
34.70363001,-118.128415,Lancaster,Lancaster,RHY Basic Center - Emergency Shelter Program SPA 1,2,9,NULL
34.70363001,-118.128415,Lancaster,Lancaster,RHY Transitional Living Program SPA 1,1,6,NULL
34.21335502,-118.388056,North Hollywood,Sun Valley,DHS HJC to ICMS,3,NULL,NULL
34.17947,-118.539769,Tarzana,Tarzana,CES RRH Individuals Tarzana,NULL,NULL,NULL
34.27302499,-118.467376,Mission Hills,Mission Hills,CES RRH Hope of the Valley,NULL,1,NULL
34.19583298,-118.339778,Burbank,Burbank,LFH FSC Rapid Re-Housing Family Promises,13,NULL,NULL
34.37202801,-118.515535,Newhall,Santa Clarita,CES RRH Bridge to Home,3,2,NULL
33.99796001,-118.477857,Venice,Venice,CA1595 HACLA Permanent Supportive Housing,1,1,2
33.99796001,-118.477857,Venice,Venice,CA1490 HACLA Permanent Supportive Housing,3,4,3
34.20102201,-118.429302,Van Nuys,Valley Glen,DHS Crest Apartments,1,1,NULL
33.93720798,-118.238149,Los Angeles,Watts,Emergency Shelter,NULL,NULL,NULL
34.04244902,-118.24485,Los Angeles,Downtown,DMH Interim Housing,11,16,1
34.046386,-118.281873,Los Angeles,Pico-Union,DHS Interim Housing Lilly's Place,6,12,2
34.04244902,-118.24485,Los Angeles,Downtown,DHS Interim Housing,18,28,5
34.06015902,-118.291832,Los Angeles,Koreatown,CA1338 DMH,NULL,NULL,NULL
34.09296499,-118.323502,Los Angeles,Hollywood,A Bridge Home YWCA,4,5,NULL
34.28110502,-118.375293,Sylmar,Lake View Terrace,DHS Recuperative Care Lake View Terrance,1,2,1
33.99458299,-118.317889,Los Angeles,Hyde Park,DHS Recuperative Care Los Angeles,NULL,NULL,NULL
34.05661301,-118.205417,Los Angeles,Boyle Heights,DHS Recuperative Care East LA,3,8,1
33.83052299,-118.314736,Torrance,Torrance,DHS Stabilization Cabrillo,1,6,4
33.94197189,-118.2813291,Los Angeles,Vermont Vista,DHS/ODR/DM Mist Program Amelia House,NULL,NULL,NULL
33.99987599,-118.156398,Commerce,Commerce,Recuperative Care,NULL,NULL,NULL
34.02236401,-118.327981,Los Angeles,Jefferson Park,Transitional Housing Edrica's House,4,11,3
33.99796001,-118.477857,Venice,Venice,DHS Horizon Apartments,2,1,NULL
33.92643913,-118.2398609,Los Angeles,Willowbrook,DHS Willowbrook Apartments,NULL,NULL,NULL
33.99796001,-118.477857,Venice,Venice,CA1687 HACOLA Permanent Supportive Housing,17,21,9
33.92242851,-118.2389473,Los Angeles,Watts,DMH Emergency Housing,NULL,NULL,NULL
33.99796001,-118.477857,Venice,Venice,CA0474 HACLA Permanent Supportive Housing TRA,NULL,NULL,1
33.99796001,-118.477857,Venice,Venice,CA0995 HACLA Permanent Supportive Housing TRA,2,1,1
33.99796001,-118.477857,Venice,Venice,CA0329 HACLA Permanent Supportive Housing TRA,NULL,NULL,NULL
34.24347602,-118.598678,Chatsworth,Chatsworth,Cal Works Homeless Assistance Program 82 West Valley (Vouchers),NULL,NULL,NULL
34.20820199,-118.44896,Van Nuys,Van Nuys,Cal Works Homeless Assistance Program 11 East Valley (Vouchers),NULL,NULL,NULL
34.075825,-118.195458,Los Angeles,Montecito Heights,Cal Works Homeless Assistance Program 66 Licoln Heights (Vouchers),NULL,NULL,NULL
34.02280301,-118.216003,Los Angeles,Boyle Heights,Cal Works Homeless Assistance Program 15 Metro East (Vouchers),NULL,NULL,NULL
34.061113,-118.281373,Los Angeles,Westlake,Cal Works Homeless Assistance Program 38 Metro North (Vouchers),NULL,NULL,NULL
34.02636201,-118.27252,Los Angeles,Historic South-Central,Cal Works Homeless Assistance Program 13 Metro Family (Vouchers),NULL,NULL,NULL
34.01618101,-118.292083,Los Angeles,Exposition Park,Cal Works Homeless Assistance Program 12 Expo Park (Vouchers),NULL,NULL,NULL
33.96338399,-118.291337,Los Angeles,Vermont Knolls,Cal Works Homeless Assistance Program 83 SW Family (Vouchers),NULL,NULL,NULL
33.93838798,-118.291414,Los Angeles,Vermont Vista,Cal Works Homeless Assistance Program 27 S Central (Vouchers),NULL,NULL,NULL
34.03635399,-118.435246,Los Angeles,West Los Angeles,Cal Works Homeless Assistance Program 60 Rancho Park (Vouchers),NULL,NULL,NULL
34.06107,-117.786683,Pomona,Pomona,Cal Works Homeless Assistance Program 36 Pomona (Vouchers),NULL,NULL,NULL
34.06937299,-118.06832,El Monte,El Monte,Cal Works Homeless Assistance Program 04 El Monte (Vouchers),NULL,NULL,NULL
34.06947349,-118.0686891,El Monte,El Monte,Cal Works Homeless Assistance Program 20 San Gabriel (Vouchers),NULL,NULL,NULL
34.41658201,-118.476805,Canyon Country,Santa Clarita,Cal Works Homeless Assistance Program 51 Santa Clarita (Vouchers),NULL,NULL,NULL
34.01966998,-118.152621,Los Angeles,East Los Angeles,Cal Works Homeless Assistance Program 05 Belvedere (Vouchers),NULL,NULL,NULL
33.98183801,-118.241868,Los Angeles,Florence-Firestone,Cal Works Homeless Assistance Program 17 Florence (Vouchers),NULL,NULL,NULL
33.96000998,-118.1851,Cudahy,Cudahy,Cal Works Homeless Assistance Program 06 Cudahy (Vouchers),NULL,NULL,NULL
33.88904598,-118.220535,Compton,Compton,Cal Works Homeless Assistance Program 26 Compton (Vouchers),NULL,NULL,NULL
33.87226298,-118.21273,Compton,Rancho Dominguez,Cal Works Homeless Assistance Program 31 South Family (Vouchers),NULL,NULL,NULL
33.8649732,-118.2089447,Rancho Dominguez,Rancho Dominguez,Cal Works Homeless Assistance Program 62 Paramount (Vouchers),NULL,NULL,NULL
33.91492498,-118.073003,Norwalk,Norwalk,Cal Works Homeless Assistance Program 40 Norwalk (Vouchers),NULL,NULL,NULL
33.99534201,-118.291694,Los Angeles,Vermont Square,Winter Shelter Program Adult Males SPA 6,23,33,NULL
34.09864734,-117.7267507,Claremont,Claremont,Overnight Accommodation,NULL,NULL,NULL
33.77650699,-118.261019,Wilimington,Wilmington,Beacon Light Mission ES,NULL,NULL,NULL
33.776638,-118.261031,Wilmington,Wilmington,Doors of Hope ES,NULL,NULL,NULL
34.04351201,-118.243105,Los Angeles,Downtown,Short-Term Lodging,NULL,NULL,NULL
34.04202301,-118.088768,Rosemead,South San Gabriel,Family Promise of San Gabriel Valley,NULL,NULL,NULL
33.98569901,-117.878273,Rowland Heights,Rowland Heights,Gospel Missions of America,NULL,NULL,NULL
34.04508198,-118.245176,Los Angeles,Downtown,Overnight Beds for Men,NULL,NULL,NULL
33.342866,-118.327937,Avalon,Avalon,Ministry House,NULL,NULL,NULL
34.00354999,-118.320819,Los Angeles,Hyde Park,Winter Shelter Program Vernon SPA 6,11,45,NULL
33.889826,-118.193202,Compton,East Rancho Dominguez,Casa Dominguez,NULL,NULL,NULL
33.96225902,-118.16481,Bell Gardens,Bell Gardens,Terra Bella,NULL,NULL,NULL
33.93073899,-118.29635,Los Angeles,Athens-Westmont,Terracina,NULL,NULL,NULL
33.97828999,-118.385279,Culver City,Culver City,Share! Collaborative Housing,NULL,NULL,NULL
34.04759002,-118.180878,Los Angeles,East Los Angeles,My Home - Mi Casa,NULL,NULL,NULL
33.98239499,-118.229343,Huntington Park,Huntington Park,Mosaic Gardens at Huntington Park,NULL,NULL,NULL
34.092233,-118.344315,West Hollywood,West Hollywood,Courtyard at La Brea,NULL,NULL,NULL
34.04827599,-118.291819,Los Angeles,Pico-Union,Vermont Manzanita,NULL,NULL,NULL
34.20196699,-118.432795,Van Nuys,Van Nuys,Ivy Terrace,NULL,NULL,NULL
34.088301,-118.361764,West Hollywood,West Hollywood,Janet L. Witkin Center,NULL,NULL,NULL
34.28092092,-118.4348743,San Fernando,San Fernando,Park View Place Apartments,NULL,NULL,NULL
34.06028001,-118.269741,Los Angeles,Westlake,Burlington Family Apartments,NULL,NULL,NULL
34.10291699,-117.78528,La Verne,La Verne,Cedar Springs Apartments,NULL,NULL,NULL
34.286739,-118.446314,San Fernando,San Fernando,Mid-Celis Apartments,NULL,NULL,NULL
34.04283824,-118.2434449,Los Angeles,Downtown,DMH Interim Housing The Village,1,NULL,NULL
33.91673501,-118.234515,Los Angeles,Willowbrook,Mason Court,NULL,NULL,NULL
34.05203201,-118.222918,Los Angeles,Boyle Heights,Progress Place Apartments,NULL,NULL,NULL
33.8893547,-118.1907062,Compton,East Rancho Dominguez,Seasons at Compton,NULL,NULL,NULL
34.26139598,-118.402861,Pacoima,Pacoima,Moon Light Villas,NULL,NULL,NULL
34.063364,-118.260018,Los Angeles,Westlake,Larry Itliong Village,NULL,NULL,NULL
34.287293,-118.441982,San Fernando,San Fernando,Harding Apartments,NULL,NULL,NULL
34.04334001,-118.245125,Los Angeles,Downtown,Hope Gardens Senior Center,NULL,NULL,NULL
34.05265399,-118.274401,Los Angeles,Westlake,Young Burlington Apartments,NULL,NULL,NULL
34.672399,-118.127542,Lancaster,Lancaster,CA0339 Shelter Plus Care - Tenant Based Project,NULL,NULL,NULL
34.02415401,-118.181804,Los Angeles,East Los Angeles,Whittier Permanent Support Housing,NULL,NULL,NULL
33.94432099,-118.277332,Los Angeles,Broadway-Manchester,Supportive Housing Program,NULL,NULL,NULL
34.05706798,-118.289994,Los Angeles,Westlake,Caroline Severance Manor,NULL,NULL,NULL
34.03366902,-118.473444,Santa Monica,Santa Monica,Daniel's Village,NULL,NULL,NULL
34.09217001,-118.318756,Los Angeles,Hollywood,The Tammy,NULL,NULL,NULL
34.01537602,-118.49816,Santa Monica,Santa Monica,Step Up on Second S+C PRA and PBV,NULL,NULL,NULL
34.09007,-118.326789,Los Angeles,Hollywood,Step Up on Vine,NULL,NULL,NULL
34.21256552,-118.3889442,Los Angeles,Sun Valley,VA Low Demand Safe Haven,NULL,5,NULL
34.21256552,-118.3889442,Los Angeles,Sun Valley,VA Bridge Housing,2,1,NULL
34.21256552,-118.3889442,Los Angeles,Sun Valley,DHS Interim Housing,5,8,NULL
33.989882,-118.309132,Los Angeles,Chesterfield Square,DMH Interim Housing Program,15,21,5
34.05485901,-117.728113,Pomona,Pomona,CES Crisis Housing SPA 3 VOA,5,4,2
34.380526,-118.540024,Santa Clarita,Santa Clarita,Interfaith Hospitality Network,NULL,NULL,NULL
33.834135,-118.339339,Torrance,Torrance,Family Promise of the South Bay,NULL,NULL,NULL
34.00961899,-118.295622,Los Angeles,Vermont Square,Flimsy Reed,NULL,NULL,NULL
34.19511998,-118.3255688,Burbank,Burbank,Puerta Nueva Transitional Facility,NULL,NULL,NULL
34.19583298,-118.339778,Burbank,Burbank,Home Front,NULL,NULL,NULL
33.99218798,-118.28693,Los Angeles,Vermont-Slauson,Winter Shelter Program Hoover Youth SPA 6,13,45,NULL
33.97347601,-118.231292,Huntington Park,Florence-Firestone,Housing for Health Tiki Apartment,NULL,NULL,NULL
34.04537401,-118.244974,Los Angeles,Downtown,Anne Douglas Center for Women,NULL,NULL,NULL
34.04508198,-118.245176,Los Angeles,Downtown,Fresh Start,NULL,NULL,NULL
34.16648098,-118.303677,Burbank,Burbank,Linden House,NULL,NULL,NULL
34.04081501,-118.352213,Los Angeles,Mid-City,DHS Interim Housing,6,5,2
34.01537602,-118.49816,Santa Monica,Santa Monica,CA1686 Step Up Los Angeles,16,3,5
33.990401,-118.286919,Los Angeles,Vermont-Slauson,Emergency Housing Independent Living,15,NULL,NULL
34.05753699,-118.265789,Los Angeles,Westlake,La Posada,NULL,NULL,NULL
33.79177701,-118.318351,Lomita,Lomita,Building Hope,NULL,NULL,NULL
34.00794299,-118.489256,Santa Monica,Santa Monica,Consolidated SIP,NULL,NULL,NULL
34.220701,-118.489005,Van Nuys,Van Nuys,Sylvan Place Co-Op,NULL,NULL,NULL
34.09162898,-118.1342606,Alhambra,Alhambra,Homeless Section 8 Voucher Program (HACoLA),NULL,NULL,NULL
34.013654,-118.489091,Santa Monica,Santa Monica,SAMOSHEL Transitional Program,NULL,NULL,NULL
34.02607698,-118.47029,Santa Monica,Santa Monica,DMH Interim Housing Cloverfield/Daybreak,3,6,2
33.98934409,-118.1639331,Bell,Bell,Wellness Center Transitional Housing,NULL,NULL,NULL
34.04334001,-118.245125,Los Angeles,Downtown,Apprentice,NULL,NULL,NULL
34.04334001,-118.245125,Los Angeles,Downtown,Gateway Transitional Men,NULL,NULL,NULL
34.04334001,-118.245125,Los Angeles,Downtown,Hope Gardens Family Center,NULL,NULL,NULL
34.04334001,-118.245125,Los Angeles,Downtown,Men's Guest Services - Emergency Shelter,NULL,NULL,NULL
34.04334001,-118.245125,Los Angeles,Downtown,Residential Recovery Program (CLDP),NULL,NULL,NULL
34.04334001,-118.245125,Los Angeles,Downtown,Women's and Children Emergency Beds - 1st STEP Family,NULL,NULL,NULL
34.06040699,-118.281667,Los Angeles,Westlake,VASH - HACLA,NULL,NULL,NULL
34.02486999,-118.482558,Santa Monica,Santa Monica,DMH Interim Housing Turning Point,1,2,NULL
34.00709302,-118.297413,Los Angeles,Vermont Square,Transitional Housing,NULL,NULL,NULL
33.98934409,-118.1639331,Bell,Bell,DMH Interim Housing Bell Shelter,3,15,6
34.23146898,-118.466405,North Hills,North Hills,Rayen Apartments,NULL,NULL,NULL
34.05933,-118.282043,Los Angeles,Westlake,DMH Interim Housing Coronado,1,8,1
33.9581564,-118.2826459,Los Angeles,Vermont Vista,DMH Interim Housing Family Center,NULL,10,NULL
33.91972501,-118.292117,Los Angeles,Athens-Westmont,DMH Interim Housing Adult Male Center,9,4,NULL
33.9581564,-118.2826459,Los Angeles,Vermont Vista,DMH Interim Housing for Women,9,10,4
33.808191,-118.316359,Torrance,Torrance,DHS Recuperative Care Torrance,NULL,3,5
34.061968,-118.270942,Los Angeles,Westlake,A Bridge Home Casa Azul,NULL,9,1
34.09155505,-118.3452491,West Hollywood,West Hollywood,Blue Hibiscus,NULL,NULL,NULL
34.09162898,-118.1342606,Alhambra,Alhambra,VASH - HACoLA,NULL,NULL,NULL
34.04244902,-118.24485,Los Angeles,Downtown,STOP Program,NULL,NULL,NULL
34.067965,-117.740055,Pomona,Pomona,DPH Interim Housing RBH - SAPC,2,11,5
34.09032161,-117.735724,Pomona,Pomona,DHS Interim Housing,5,14,2
34.09032161,-117.735724,Pomona,Pomona,DHS Interim Housing Short Term,NULL,NULL,NULL
34.01847501,-118.458143,Santa Monica,Santa Monica,Step Up on 26th,NULL,NULL,NULL
34.04244902,-118.24485,Los Angeles,Downtown,Transitional Housing Program CDCR,NULL,NULL,NULL
34.09115399,-118.337113,Los Angeles,Hollywood,Host Homes,NULL,4,NULL
33.90859458,-118.0761439,Norwalk,Norwalk,Host Homes,2,1,1
34.672399,-118.127542,Lancaster,Lancaster,Host Homes,NULL,NULL,NULL
33.96215902,-118.261052,Los Angeles,Florence,RHY Transitional Living Program SPA 6,NULL,7,NULL
33.96215902,-118.261052,Los Angeles,Florence,RHY Basic Center - Emergency Shelter Program SPA 6,1,NULL,NULL
34.099014,-118.332575,Los Angeles,Hollywood,A Bridge Home Schrader,6,12,NULL
33.99869402,-118.433355,Los Angeles,Mar Vista,Transitional Housing Youth SPA 5,2,2,NULL
34.02607698,-118.47029,Santa Monica,Santa Monica,Cloverfield Daybreak Emergency Shelter,NULL,NULL,NULL
34.06402999,-118.291446,Los Angeles,Koreatown,CA1688 DMH 13,30,34,21
33.96534402,-118.266063,Los Angeles,Florence,DHS Interim Housing 81st,NULL,NULL,NULL
33.96124099,-118.259611,Los Angeles,Florence,DHS Interim Housing 85th,NULL,NULL,NULL
33.92666799,-118.268732,Los Angeles,Broadway-Manchester,DHS Interim Housing 118th,NULL,NULL,NULL
34.27302499,-118.467376,Mission Hills,Mission Hills,Recuperative Care Center,NULL,NULL,NULL
33.73633102,-118.291633,San Pedro,San Pedro,You Can Have It A.L.L. (Accelerated Learning and Living),NULL,NULL,NULL
34.05485901,-117.728113,Pomona,Pomona,Tri-City Crisis Housing,NULL,7,1
34.047925,-118.290376,Los Angeles,Pico-Union,Menlo Family Housing,NULL,NULL,NULL
34.137915,-117.907215,Azusa,Azusa,Pathways V Sober Living,NULL,NULL,NULL
34.14020502,-117.904078,Azusa,Azusa,Pathways VIII Sober Living,NULL,NULL,NULL
34.06040699,-118.281667,Los Angeles,Westlake,Homeless Veterans Initiative (HVI),NULL,NULL,NULL
34.06402999,-118.291446,Los Angeles,Koreatown,Homeless Section 8 Voucher Program (HACLA - DMH),NULL,NULL,NULL
34.05261501,-118.222927,Los Angeles,Boyle Heights,Transitional Housing Youth SPA 4,3,NULL,6
33.90564898,-118.0565,Norwalk,Norwalk,Transitional Housing Youth SPA 7,3,2,1
34.038915,-118.331859,Los Angeles,Mid-City,DHS Interim Housing Mid City 3 - Crenshaw,14,12,NULL
33.95354402,-118.276129,Los Angeles,Broadway-Manchester,DHS Interim Housing 91st,12,10,NULL
33.94310402,-118.361504,Inglewood,Lennox,CES RRH Youth St Margaret Center,2,2,NULL
33.98388202,-118.29953,Los Angeles,Vermont-Slauson,Transitional Housing Bright Futures Youth SPA 6,2,NULL,6
34.09115399,-118.337113,Los Angeles,Hollywood,Interim/Transitional Housing Program Youth SPA 4,NULL,NULL,1
34.084769,-117.744478,Pomona,Pomona,Pathways IV Sober Living,NULL,NULL,NULL
34.10392299,-117.740026,Pomona,Pomona,Pathways II Sober Living,NULL,NULL,NULL
34.18136301,-118.136074,Altadena,Altadena,Recovery Bridge Housing Start House,5,13,5
33.99796001,-118.477857,Venice,Venice,HACLA Sec 8 Chronic TBV,NULL,2,NULL
33.99796001,-118.477857,Venice,Venice,HACLA Sec 8 NCH TBV,NULL,NULL,NULL
34.04652401,-118.264109,Los Angeles,Downtown,CA1684 CIS PSH Youth,4,NULL,3
34.04652401,-118.264109,Los Angeles,Downtown,CA1685 CIS PSH,9,3,NULL
34.04338498,-118.24419,Los Angeles,Downtown,CA1689 LAMP Downtown,10,13,4
34.05485901,-117.728113,Pomona,Pomona,PD ESG Crisis Housing,NULL,3,NULL
34.02665701,-118.291824,Los Angeles,Adams-Normandie,ILP SPA 4,NULL,NULL,NULL
33.92454021,-118.254409,Los Angeles,Green Meadows,DHS WLCAC Bonus,1,NULL,NULL
34.06402999,-118.291446,Los Angeles,Koreatown,HACLA Tenant Based Supportive Housing TBSH 2017,18,13,10
33.73622302,-118.282731,San Pedro,San Pedro,Recovery Bridge Housing SAPC,NULL,NULL,NULL
34.05240741,-118.4584795,Los Angeles,Veterans Administration,VA Clinical Treatment Transitional,5,5,2
34.05240741,-118.4584795,Los Angeles,Veterans Administration,VA Low Demand Transitional,8,6,5
34.05061199,-118.272339,Los Angeles,Westlake,HACLA/DHS TBSH,NULL,10,NULL
34.41170923,-118.5381894,Santa Clarita,Santa Clarita,Crisis Housing Program SPA 2,15,62,1
34.07715198,-118.221376,Los Angeles,Lincoln Heights,CES Bridge Housing Program,NULL,9,2
33.986259,-118.311597,Los Angeles,Chesterfield Square,A Bridge Home St. Andrews Place,28,60,4
34.07101299,-117.947559,West Covina,West Covina,Adult Reentry Rental Assistance (ARRAP),8,10,9
34.09637701,-118.353115,Los Angeles,Hollywood,CES Bridge Housing for Women Gardner Library,2,7,1
33.94216801,-118.272235,Los Angeles,Broadway-Manchester,DHS Recuperative Care 104th,NULL,NULL,NULL
34.08516001,-118.255874,Los Angeles,Echo Park,TWC FSC Crisis Housing Safe Families,26,7,20
34.04224701,-118.24597,Los Angeles,Downtown,CES Crisis Housing Program 2,3,35,NULL
33.94167302,-118.276016,Los Angeles,Broadway-Manchester,Resurrection House Foundation 1,NULL,NULL,NULL
33.97007401,-118.263528,Los Angeles,Florence,Resurrection House Foundation 2,NULL,NULL,NULL
33.97045002,-118.263408,Los Angeles,Florence,Resurrection House Foundation 3,NULL,NULL,NULL
34.040065,-118.320932,Los Angeles,Arlington Heights,Family Reunification Rapid Re-Housing SPA 4 PATH,NULL,2,NULL
34.05240741,-118.4584795,Los Angeles,Veterans Administration,Sun Valley Senior Apartments,NULL,18,14
33.94106202,-118.298228,Los Angeles,Athens-Westmont,PBV Athens Vista,NULL,NULL,NULL
34.58733123,-118.113577,Palmdale,Palmdale,PBV Courson Arts Colony West,NULL,NULL,NULL
34.01105699,-118.294373,Los Angeles,Exposition Park,PBV/ King 1101,NULL,NULL,NULL
34.04112799,-117.748909,Pomona,Pomona,PBV Mosaic Garden at Pomona,NULL,NULL,NULL
34.0453,-118.246921,Los Angeles,Downtown,DHS Weldon Apartments,NULL,NULL,NULL
33.983196,-118.247408,Los Angeles,Florence-Firestone,PBV The Nightingale,NULL,NULL,NULL
34.57567502,-118.112172,Palmdale,Palmdale,PBV Courson Arts Colony East,NULL,NULL,NULL
34.21256552,-118.3889442,Los Angeles,Sun Valley,CES Enhanced Bridge Housing Older Adults,NULL,NULL,NULL
34.03916302,-118.280012,Los Angeles,San Pedro,CES Enhanced Bridge Housing Older Adults,2,4,NULL
34.04244902,-118.24485,Los Angeles,Downtown,CES Enhanced Bridge Housing Older Adults,NULL,7,NULL
33.99796001,-118.477857,Venice,Venice,HDAP,8,2,NULL
33.995506,-118.291754,Los Angeles,Vermont Square,CES Crisis Housing Individuals SPA 6,17,30,2
33.88697301,-118.206808,Los Angeles,Compton,Family Reunification Rapid Re-Housing SPA 6 UBH,5,4,19
34.04555598,-118.314116,Los Angeles,Arlington Heights,CES Enhanced Bridge Housing Older Adults,4,1,1
33.78356899,-118.280185,Wilmington,Harbor City,SSVF RRH,4,4,1
34.06208099,-117.732522,Pomona,Pomona,Substance Abuse Recovery,NULL,NULL,NULL
34.04464399,-118.243403,Los Angeles,Downtown,CES Bridge Housing Program,NULL,NULL,NULL
33.96325735,-118.283049,Los Angeles,Vermont Knolls,83rd Street Housing for Health,NULL,2,NULL
33.9290392,-118.232978,Los Angeles,Watts,A Bridge Home Imperial Hwy,17,16,12
33.98959701,-118.287531,Los Angeles,Vermont-Slauson,CA1787 Permanent Supportive Housing SPA 6,7,5,1
33.96723275,-118.3089508,Los Angeles,Manchester Square,Winter Shelter Program Western SPA 6,NULL,NULL,NULL
34.57924102,-118.124382,Palmdale,Palmdale,AVD FSC Crisis Housing,12,27,2
34.05155499,-118.448072,Los Angeles,Veterans Administration,TSA FSC Westwood Transitional Village Crisis Housing,10,25,44
34.04652401,-118.264109,Los Angeles,Downtown,TSA FSC Zahn Memorial Center Crisis Housing,2,5,4
33.98825201,-118.268678,Los Angeles,Florence,SSG FSC Crisis Housing Motel/Hotel Vouchers (Vouchers),NULL,NULL,NULL
34.05040902,-118.2117,Los Angeles,Boyle Heights,LHR FSC Crisis Housing,10,4,7
33.79400501,-118.223059,Long Beach,Long Beach,CCL FSC Crisis Housing San Gabriel,13,12,3
34.18760401,-118.404864,North Hollywood,Valley Glen,RHY Basic Center - Emergency Shelter Program SPA 2,2,6,NULL
33.960825,-118.269704,Los Angeles,Florence,CES Crisis Housing Family,8,1,1
34.06402999,-118.291446,Los Angeles,Koreatown,CA0393 DMH,3,4,NULL
34.18495001,-118.442342,Van Nuys,Van Nuys,DHS Interim Housing Town Homes,NULL,1,1
34.185006,-118.444529,Van Nuys,Van Nuys,DHS Interim Housing SRO,NULL,NULL,NULL
34.04555598,-118.314116,Los Angeles,Arlington Heights,CES Enhanced Bridge Housing Single Females,5,13,1
33.99343701,-118.476073,Venice,Venice,A Bridge Home Sunset Youth,10,29,4
33.99343701,-118.476073,Venice,Venice,A Bridge Home Sunset Individuals,7,4,3
33.78378998,-118.200793,Long Beach,Long Beach,CES Bridge Housing Project Achieve,NULL,1,1
34.09296499,-118.323502,Los Angeles,Hollywood,A Bridge Home YWCA Youth,2,5,NULL
34.04591799,-118.21005,Los Angeles,Boyle Heights,LFH FSC Crisis Housing Cesar Chavez SPA 4,7,12,13
34.04402498,-118.245192,Los Angeles,Downtown,Angelus Inn,NULL,NULL,NULL
34.044243,-118.246184,Los Angeles,Downtown,Courland Hotel,NULL,NULL,NULL
34.04050002,-118.242759,Los Angeles,Downtown,Ellis Hotel,NULL,NULL,NULL
34.044631,-118.245523,Los Angeles,Downtown,Florence Apartments,NULL,NULL,NULL
34.04861801,-118.2513,Los Angeles,Downtown,Harold Apartments,NULL,NULL,NULL
34.04412301,-118.246318,Los Angeles,Downtown,Haskell Apartments,1,NULL,NULL
34.04097301,-118.242833,Los Angeles,Downtown,La Jolla Apartments,NULL,NULL,NULL
34.04063899,-118.242296,Los Angeles,Downtown,Regal Apartments,NULL,NULL,NULL
34.04445401,-118.246016,Los Angeles,Downtown,Ward Apartments,NULL,NULL,NULL
34.06635601,-118.291855,Los Angeles,Koreatown,PBV Vermont Corridor Apartments,NULL,NULL,NULL
33.89805598,-118.261346,Compton,Rosewood/Rancho Dominguez,PBV Stanford Ave Apartments,NULL,NULL,NULL
33.93107733,-118.308479,Los Angeles,Athens-Westmont,PBV Westmont Vista,NULL,NULL,78
33.99225299,-118.309129,Los Angeles,Chesterfield Square,PBV/VASH Western Ave Apartments,NULL,NULL,NULL
34.042489,-118.248293,Los Angeles,Downtown,PBV 649 LOFTS,NULL,9,NULL
33.97056699,-118.291314,Los Angeles,Vermont Knolls,PBV The Pointe on Vermont,NULL,NULL,NULL
33.95858301,-118.290554,Los Angeles,Vermont Vista,PBV 88th & Vermont,NULL,NULL,NULL
33.92583101,-118.239672,Los Angeles,Willowbrook,PBV Springhaven,NULL,NULL,NULL
34.0526384,-118.2707591,Los Angeles,Westlake,PBV Aria Apartments,NULL,NULL,NULL
34.010009,-118.282528,Los Angeles,Vermont Square,PBV RISE Apartments,NULL,NULL,NULL
33.977199,-118.274089,Los Angeles,Florence,PBV Residence on Main,NULL,NULL,NULL
34.06696998,-118.277957,Los Angeles,Westlake,PBV Rampart Mint Apartments,NULL,NULL,NULL
34.05481098,-118.385265,Los Angeles,South Robertson,PBV Pico Robertson Senior Community,NULL,NULL,NULL
33.99842399,-118.278868,Los Angeles,South Park,PBV Broadway Apartments Preservation,NULL,NULL,NULL
34.03108102,-118.283668,Los Angeles,University Park,PBV Casa de Rosas Campus,NULL,NULL,NULL
34.06231798,-118.306952,Los Angeles,Koreatown,PBV Casa del Sol,NULL,NULL,NULL
33.97334299,-118.245656,Los Angeles,Florence-Firestone,PBV Firestone Phoenix,NULL,NULL,NULL
34.04347601,-118.208662,Los Angeles,Boyle Heights,PBV Cielito Lindo II,NULL,NULL,NULL
34.01387498,-118.342216,Los Angeles,Baldwin Hills/Crenshaw,PBV Metro at Buckingham Phase 2,NULL,NULL,NULL
34.30647599,-118.429532,Sylmar,Sylmar,PBV Metamorphosis on Foothill,NULL,NULL,NULL
34.03606945,-118.1875788,Los Angeles,East Los Angeles,PBV/VASH El Nuevo Amanecer,NULL,NULL,NULL
33.99299101,-118.314726,Los Angeles,Chesterfield Square,Ruby House Women and Children,NULL,NULL,NULL
33.99299101,-118.314726,Los Angeles,Chesterfield Square,Ruby House Women Only,NULL,NULL,NULL
33.99352599,-118.287779,Los Angeles,Vermont-Slauson,Momma's House Mens Facility,NULL,NULL,NULL
34.064895,-118.271246,Los Angeles,Westlake,PBV Hope on Alvarado,NULL,NULL,NULL
34.05712464,-118.2635561,Los Angeles,Westlake,PBV Hartford Villa Apartments,NULL,NULL,NULL
34.04195801,-118.248287,Los Angeles,Downtown,PBV FLOR 401 Lofts,NULL,NULL,NULL
34.05485901,-117.728113,Pomona,Pomona,CES Bridge Housing Program,3,NULL,2
34.046006,-118.246125,Los Angeles,Downtown,DMH Interim Housing,2,4,NULL
33.87160898,-118.143773,Bellflower,Bellflower,Bellflower Temporary Emergency Shelter,18,27,4
34.06507198,-118.264443,Los Angeles,Westlake,CES Enhanced Bridge Housing Older Adults Hawkes,3,9,4
33.96122498,-118.278474,Los Angeles,Florence,Crisis Housing Family Shelter Safe Landing for Families,7,17,NULL
34.02243802,-118.335731,Los Angeles,Baldwin Hills/Crenshaw,Crisis Housing Family Shelter Safe Landing for Families,3,24,NULL
34.06985499,-118.294528,Los Angeles,Koreatown,PBV 235 Berendo,NULL,NULL,NULL
34.070087,-118.293776,Los Angeles,Koreatown,PBV 226 Berendo,NULL,NULL,NULL
34.09115399,-118.337113,Los Angeles,Hollywood,DMH Center Youth Enhanced Emergency Shelter Program,NULL,NULL,NULL
34.09115399,-118.337113,Los Angeles,Hollywood,LGBT Center Emergency Housing,NULL,NULL,NULL
34.040065,-118.320684,Los Angeles,Arlington Heights,PATH Villas Gramercy,4,NULL,1
34.05249699,-118.267663,Los Angeles,Westlake,PBV 7th and Witmer,24,35,NULL
34.05815201,-117.960621,La Puente,Bassett,Francisquito Apartments,NULL,NULL,NULL
34.02507899,-118.275145,Los Angeles,Historic South-Central,A Bridge Home CD 9,13,46,5
34.041324,-118.246428,Los Angeles,Downtown,San Pedro House Apartments,NULL,NULL,NULL
34.04388002,-118.245282,Los Angeles,Downtown,PBV Simone Apartments,3,NULL,35
34.10707949,-117.9313352,Irwindale,Irwindale,USHS 3 Cities Crisis Housing Motel Vouchers,1,2,NULL
33.90165002,-118.384512,Manhattan Beach,Manhattan Beach,Recuperative Care,NULL,NULL,NULL
34.7029621,-118.2366182,Lancaster,Lancaster,Winter Shelter Program High Desert MACC VOA,11,105,10
34.035262,-118.271255,Los Angeles,Historic South-Central,CA0421 Consolidated DMVA,3,NULL,NULL
34.043705,-117.742744,Pomona,Pomona,Pathways III Sober Living,NULL,NULL,NULL
34.03675498,-118.436977,Los Angeles,West Los Angeles,Veteran Residential Care Program,5,10,5
33.96811101,-118.283025,Los Angeles,Vermont Knolls,CRCD Apartments Levine Management Group,NULL,NULL,NULL
34.12324302,-117.994112,Duarte,Unincorporated Duarte,Winter Shelter Program Pamela Park,16,23,NULL
34.212684,-118.387996,North Hollywood,Sun Valley,LFH FSC Crisis Housing SPA 2 (Vouchers),NULL,NULL,NULL
33.99458001,-118.466179,Venice,Venice,STJ FSC Westminster TLC Venice Community Housing Crisis Housing (Vouchers),NULL,NULL,NULL
33.73503098,-118.291423,San Pedro,San Pedro,HIS FSC Crisis Housing (Vouchers),NULL,NULL,NULL
34.040065,-118.320932,Los Angeles,Arlington Heights,PAT FSC Crisis Housing (Vouchers),NULL,NULL,NULL
34.10684198,-117.744077,Pomona,Pomona,Family Crisis Housing Project SPA 3 (Vouchers),NULL,NULL,NULL
34.10707949,-117.9313352,Irwindale,Irwindale,USHS FSC Crisis Housing Vouchers (Vouchers),NULL,NULL,NULL
